{"restarts": [15, 42, 83, 170], "full_trace": [[9.199999809265137, 223.0], [11.468000411987305, 223.0], [14.68652057647705, 223.0], [18.75100326538086, 223.0], [23.56839370727539, 223.0], [29.055870056152344, 223.0], [35.13972473144531, 223.0], [41.754356384277344, 223.0], [48.84137725830078, 223.0], [56.34882354736328, 223.0], [64.23045349121094, 223.0], [72.44510650634766, 223.0], [80.95614624023438, 223.0], [89.73097229003906, 223.0], [98.74056243896484, 223.0], [107.95909881591797, 223.0], [117.36359405517578, 223.0], [126.93359375, 223.0], [136.65089416503906, 223.0], [146.49929809570312, 223.0], [156.46437072753906, 209.6999969482422], [166.53329467773438, 196.39999389648438], [176.6946258544922, 185.0], [186.93821716308594, 175.5], [197.2550048828125, 167.89999389648438], [207.63694763183594, 162.1999969482422], [218.07687377929688, 158.39999389648438], [228.5684051513672, 156.5], [237.90586853027344, 157.88499450683594], [249.19999980926514, 159.0], [251.4680004119873, 159.0], [254.68652057647705, 145.6999969482422], [258.75100326538086, 132.39999389648438], [262.96839332580566, 120.99999237060547], [267.3218688964844, 111.49999237060547], [272.3964614868164, 103.89999389648438], [278.112850189209, 98.19999694824219], [283.8004379272461, 94.39999389648438], [289.46238708496094, 92.49999237060547], [295.70152282714844, 93.88499450683594], [302.45435333251953, 95.0], [309.6643753051758, 95.0], [317.2812957763672, 95.0], [325.2603530883789, 95.0], [333.5617141723633, 95.0], [342.1499252319336, 81.69999694824219], [350.9934310913086, 68.39999389648438], [360.06414794921875, 56.99999237060547], [369.3370819091797, 47.49999237060547], [378.7899932861328, 39.899993896484375], [388.40309143066406, 34.19999313354492], [398.15875244140625, 30.399993896484375], [408.0412902832031, 28.4999942779541], [416.2367401123047, 29.884994506835938], [422.9306945800781, 34.0622444152832], [429.4883117675781, 40.61290740966797], [435.9245910644531, 49.18096923828125], [442.2528839111328, 59.46382141113281], [448.4850616455078, 71.2042465209961], [453.43170166015625, 84.18360900878906], [457.2342071533203, 98.216064453125], [461.8184356689453, 111.0], [467.09840393066406, 111.0], [472.99757385253906, 97.69999694824219], [479.4478302001953, 84.39999389648438], [486.38856506347656, 76.0949935913086], [493.7658233642578, 72.0357437133789], [501.5315856933594, 71.58538055419922], [509.6430969238281, 74.20257568359375], [518.0623474121094, 79.42718505859375], [526.7554931640625, 86.86810302734375], [535.6923828125, 96.19288635253906], [544.8462219238281, 107.11894989013672], [554.1931457519531, 119.4061050415039], [563.7118835449219, 132.85018920898438], [573.3835754394531, 147.2776641845703], [583.1913757324219, 162.541015625], [593.1203308105469, 184.24501037597656], [603.1571044921875, 169.04501342773438], [613.2898254394531, 159.12501525878906], [623.5079345703125, 153.69300842285156], [633.8020629882812, 152.0758056640625], [644.163818359375, 153.70118713378906], [653.9857788085938, 158.082763671875], [663.3273315429688, 159.0], [671.6413269042969, 159.0], [681.1999998092651, 159.0], [683.4680004119873, 159.0], [686.686520576477, 145.6999969482422], [690.7510032653809, 132.39999389648438], [695.5683937072754, 124.0949935913086], [701.0558700561523, 120.0357437133789], [707.1397247314453, 119.58538055419922], [713.7543563842773, 122.20257568359375], [720.8413772583008, 127.42718505859375], [728.3488235473633, 134.86810302734375], [736.2304534912109, 144.19288635253906], [744.4451065063477, 155.11895751953125], [752.9561462402344, 159.0], [761.7309722900391, 159.0], [770.7405624389648, 145.6999969482422], [779.959098815918, 132.39999389648438], [789.3635940551758, 120.99999237060547], [798.93359375, 111.49999237060547], [808.6508941650391, 106.42499542236328], [818.4992980957031, 105.11124420166016], [828.4643707275391, 106.99456024169922], [838.5332946777344, 111.59537506103516], [848.6946258544922, 118.50606536865234], [858.9382171630859, 127.38015747070312], [868.6550140380859, 137.92312622070312], [877.9029541015625, 149.88465881347656], [887.3336181640625, 163.0519561767578], [896.9269104003906, 177.24415588378906], [906.6649475097656, 192.30752563476562], [916.5317993164062, 208.11138916015625], [926.5132904052734, 223.0], [936.5968322753906, 223.0], [946.1711730957031, 209.6999969482422], [955.2923278808594, 196.39999389648438], [964.6101684570312, 185.0], [974.10302734375, 175.5], [983.7516784667969, 170.4250030517578], [993.5389709472656, 169.1112518310547], [1002.8496704101562, 170.99456787109375], [1011.7362060546875, 175.5953826904297], [1020.84521484375, 182.50607299804688], [1030.1522216796875, 191.38015747070312], [1039.0354614257812, 201.92312622070312], [1047.5415344238281, 213.88465881347656], [1056.3119506835938, 223.0], [1065.317626953125, 223.0], [1074.5326843261719, 209.6999969482422], [1083.93408203125, 196.39999389648438], [1093.5013122558594, 188.09500122070312], [1103.2161560058594, 184.03575134277344], [1112.4623718261719, 183.58538818359375], [1121.29150390625, 186.20257568359375], [1130.3494262695312, 191.0], [1139.6109619140625, 191.0], [1149.0537414550781, 177.6999969482422], [1158.6578063964844, 164.39999389648438], [1168.4054260253906, 153.0], [1178.2808227539062, 143.5], [1188.2698974609375, 135.89999389648438], [1198.3601684570312, 130.1999969482422], [1208.54052734375, 126.39999389648438], [1218.801025390625, 124.49999237060547], [1229.1328735351562, 125.88499450683594], [1239.5282592773438, 130.06224060058594], [1249.9801025390625, 136.61289978027344], [1260.4822387695312, 145.18096923828125], [1271.0291748046875, 155.4638214111328], [1281.615966796875, 167.20425415039062], [1292.2381591796875, 180.18362426757812], [1302.8919067382812, 194.21607971191406], [1307.0, 209.1436767578125], [1305.7999877929688, 223.0], [1304.1319580078125, 223.0], [1302.0474243164062, 223.0], [1300.7921752929688, 209.6999969482422], [1300.2750244140625, 196.39999389648438], [1300.0, 188.09500122070312], [1298.7999877929688, 184.03575134277344], [1296.531982421875, 183.58538818359375], [1293.3134765625, 186.20257568359375], [1291.0490112304688, 191.0], [1289.6336059570312, 191.0], [1289.6336059570312, 177.6999969482422], [1290.8336181640625, 164.39999389648438], [1290.8336181640625, 156.09500122070312], [1290.233642578125, 152.03575134277344], [1288.4996337890625, 151.58538818359375], [1285.75634765625, 154.20257568359375], [1282.1148681640625, 159.42718505859375], [1277.6739501953125, 166.86810302734375], [1274.321533203125, 176.19288635253906], [1271.9378662109375, 187.11895751953125], [1271.0164184570312, 191.0], [1271.0164184570312, 191.0], [1272.2164306640625, 177.6999969482422], [1274.4844360351562, 164.39999389648438], [1277.7029418945312, 153.0], [1281.7673950195312, 143.5], [1286.5847778320312, 135.89999389648438], [1292.072265625, 130.1999969482422], [1295.756103515625, 128.35499572753906], [1297.834716796875, 129.7867431640625], [1298.4846801757812, 134.00372314453125], [1297.8631591796875, 140.58816528320312], [1296.1099853515625, 149.1849365234375], [1293.3496704101562, 159.4921875], [1291.4929809570312, 171.25335693359375], [1290.4405517578125, 184.25035095214844], [1290.4405517578125, 191.0], [1291.6405639648438, 191.0], [1291.6405639648438, 177.6999969482422], [1291.0405883789062, 164.39999389648438], [1291.7066040039062, 153.0], [1293.4993286132812, 143.5], [1296.2948608398438, 135.89999389648438], [1299.98291015625, 130.1999969482422], [1304.4652709960938, 126.39999389648438], [1309.654541015625, 124.49999237060547], [1314.8729858398438, 125.88499450683594], [1320.117431640625, 127.0], [1324.7849731445312, 127.0], [1337.1999998092651, 127.0], [1339.4680004119873, 127.0], [1342.686520576477, 127.0], [1346.7510032653809, 127.0], [1351.5683937072754, 113.69999694824219], [1357.0558700561523, 100.39999389648438], [1363.1397247314453, 88.99999237060547], [1369.7543563842773, 79.49999237060547], [1376.2413787841797, 74.42499542236328], 