{"restarts": [79], "full_trace": [[9.199999809265137, 223.0], [11.468000411987305, 223.0], [14.68652057647705, 223.0], [18.75100326538086, 223.0], [23.56839370727539, 223.0], [29.055870056152344, 223.0], [35.13972473144531, 223.0], [41.754356384277344, 223.0], [48.84137725830078, 223.0], [56.34882354736328, 223.0], [64.23045349121094, 223.0], [72.44510650634766, 223.0], [80.95614624023438, 223.0], [89.73097229003906, 223.0], [98.74056243896484, 223.0], [107.95909881591797, 223.0], [117.36359405517578, 223.0], [126.93359375, 223.0], [136.65089416503906, 223.0], [146.49929809570312, 223.0], [156.46437072753906, 223.0], [166.53329467773438, 223.0], [176.6946258544922, 209.6999969482422], [186.93821716308594, 196.39999389648438], [197.2550048828125, 188.09500122070312], [207.63694763183594, 184.03575134277344], [218.07687377929688, 183.58538818359375], [228.5684051513672, 186.20257568359375], [239.10586547851562, 191.42718505859375], [249.6842041015625, 198.86810302734375], [260.2989196777344, 207.0], [270.9460144042969, 207.0], [281.6219482421875, 193.6999969482422], [292.3235168457031, 180.39999389648438], [303.04791259765625, 169.0], [313.7926330566406, 159.5], [324.555419921875, 154.4250030517578], [335.3343200683594, 153.1112518310547], [346.1275329589844, 154.99456787109375], [356.9335021972656, 159.0], [367.75079345703125, 159.0], [378.57818603515625, 159.0], [389.4145812988281, 159.0], [400.25897216796875, 159.0], [411.1104736328125, 159.0], [421.96832275390625, 159.0], [432.831787109375, 145.6999969482422], [443.7002868652344, 132.39999389648438], [454.5732421875, 124.0949935913086], [465.4501647949219, 120.0357437133789], [476.33062744140625, 119.58538055419922], [487.2142333984375, 122.20257568359375], [498.10064697265625, 127.42718505859375], [508.98956298828125, 134.86810302734375], [519.8806762695312, 143.0], [530.7738037109375, 143.0], [541.6686401367188, 143.0], [552.5650634765625, 143.0], [563.462890625, 129.6999969482422], [574.3619384765625, 116.39999389648438], [585.2620849609375, 108.0949935913086], [596.1632080078125, 104.0357437133789], [607.0652465820312, 103.58538055419922], [617.968017578125, 106.20257568359375], [628.8715209960938, 111.42718505859375], [639.775634765625, 118.86810302734375], [650.6802978515625, 128.19288635253906], [661.58544921875, 139.11895751953125], [672.4910278320312, 151.40611267089844], [683.39697265625, 164.85018920898438], [694.3032836914062, 179.2776641845703], [705.2098999023438, 194.541015625], [716.1167602539062, 210.51486206054688], [727.0238647460938, 223.0], [737.9312133789062, 223.0], [748.8387451171875, 223.0], [759.7464599609375, 223.0], [770.654296875, 223.0], [781.5623168945312, 209.6999969482422], [792.470458984375, 196.39999389648438], [803.378662109375, 185.0], [814.2869873046875, 175.5], [825.1953735351562, 170.4250030517578], [836.1038208007812, 169.1112518310547], [847.0123901367188, 170.99456787109375], [857.9210205078125, 175.5953826904297], [868.8296508789062, 175.0], [879.7383422851562, 175.0], [890.6470947265625, 179.99298095703125], [901.555908203125, 187.2370147705078], [912.4647216796875, 196.39443969726562], [923.3735961914062, 207.17825317382812], [934.282470703125, 219.34449768066406], [945.1913452148438, 223.0], [956.1002807617188, 223.0], [967.0092163085938, 223.0], [977.9181518554688, 223.0], [988.8271484375, 223.0], [999.7361450195312, 223.0], [1010.6451416015625, 223.0], [1021.5541381835938, 223.0], [1032.4632568359375, 223.0], [1043.372314453125, 209.6999969482422], [1054.2813720703125, 196.39999389648438], [1065.1904296875, 185.0], [1076.0994873046875, 175.5], [1087.008544921875, 167.89999389648438], [1097.9176025390625, 162.1999969482422], [1108.82666015625, 158.39999389648438], [1119.7357177734375, 156.5], [1130.644775390625, 157.88499450683594], [1141.5538330078125, 162.06224060058594], [1152.462890625, 168.61289978027344], [1163.3719482421875, 177.18096923828125], [1174.281005859375, 187.4638214111328], [1185.1900634765625, 199.20425415039062], [1196.09912109375, 212.18362426757812], [1207.0081787109375, 226.21607971191406], [1217.917236328125, 241.1436767578125], [1228.8262939453125, 256.8321228027344], [1239.7353515625, 273.16729736328125], [1250.6444091796875, 290.0522155761719], [1250.6444091796875, 290.0522155761719], [1273.1999998092651, 2.0], [1275.4680004119873, 7.550000190734863], [1278.686520576477, 15.267499923706055], [1282.7510032653809, 24.827375411987305], [1286.9683933258057, 35.953269958496094], [1291.3218688964844, 48.4102783203125], [1296.3964614868164, 61.99873733520508], [1302.112850189209, 76.5489273071289], [1308.4004364013672, 91.91658782958984], [1315.196388244629, 107.9791030883789], [1322.4447860717773, 124.63224029541016], [1330.0958557128906, 141.7873992919922], [1338.1053085327148, 143.0], [1346.433723449707, 143.0], [1355.046012878418, 129.6999969482422], [1363.9109497070312, 116.39999389648438], [1373.000747680664, 108.0949935913086], [1382.2906646728516, 104.0357437133789], [1391.758689880371, 103.58538055419922], [1401.385238647461, 106.20257568359375], [1411.1528625488281, 111.42718505859375], [1421.0460510253906, 118.86810302734375], [1431.0509796142578, 128.19288635253906], [1441.1553649902344, 139.11895751953125], [1451.3482666015625, 151.40611267089844], [1461.6199493408203, 159.0], [1471.9617462158203, 159.0], [1482.365951538086, 168.71334838867188], [1492.825698852539, 179.96969604492188], [1503.3348693847656, 191.0], [1513.8880310058594, 191.0], [1524.4803466796875, 191.0], [1535.1075134277344, 191.0], [1545.7656860351562, 191.0], [1556.4514465332031, 177.6999969482422], [1567.1617736816406, 164.39999389648438], [1577.8939819335938, 153.0], [1588.6456298828125, 143.5], [1598.8146057128906, 135.89999389648438], [1608.4649963378906, 130.1999969482422], [1618.2538452148438, 128.35499572753906], [1628.1659240722656, 127.0], [1637.5876770019531, 127.0], [1646.5730285644531, 127.0], [1655.7699890136719, 113.69999694824219], [1665.1552734375, 100.39999389648438], [1674.7081909179688, 92.0949935913086], [1684.4102783203125, 88.0357437133789], [1694.2451477050781, 87.58538055419922], [1704.1981811523438, 90.20257568359375], [1714.2563781738281, 95.42718505859375], [1724.4081726074219, 102.86810302734375], [1734.6432800292969, 112.19288635253906], [1744.9525146484375, 123.11894989013672], [1755.3277282714844, 135.40611267089844], [1765.7616577148438, 148.85018920898438], [1776.2478637695312, 159.0], [1786.7805786132812, 159.0], [1797.3546752929688, 159.0], [1807.9656372070312, 159.0], [1818.609375, 159.0], [1829.2823486328125, 159.0], [1839.9812622070312, 145.6999969482422], [1850.7033081054688, 132.39999389648438], [1861.4459228515625, 124.0949935913086], [1872.2068481445312, 120.0357437133789], [1882.9840698242188, 119.58538055419922], [1893.7758178710938, 122.20257568359375], [1904.5804443359375, 127.42718505859375], [1915.3965454101562, 134.86810302734375], [1926.222900390625, 144.19288635253906], [1937.058349609375, 155.11895751953125], [1947.9019165039062, 167.40611267089844], [1958.752685546875, 180.85018920898438], [1967.2098388671875, 195.2776641845703], [1973.5367431640625, 210.541015625], [1980.36767578125, 223.0], [1987.647216796875, 223.0], [1995.3259887695312, 209.6999969482422], [2003.360107421875, 196.39999389648438], [2011.1104736328125, 188.09500122070312], [2018.6082763671875, 184.03575134277344], [2026.4813232421875, 183.58538818359375], [2034.6883544921875, 186.20257568359375], [2043.192626953125, 191.42718505859375], [2051.96142578125, 198.86810302734375], [2059.1656494140625, 208.19288635253906], [2064.9774169921875, 219.11895751953125], [2070.7498779296875, 223.0], [2076.4873657226562, 223.0], [2082.793701171875, 209.6999969482422], [2089.6063842773438, 196.39999389648438], [2095.0696411132812, 185.0], [2099.3319702148438, 175.5], [2103.1254272460938, 167.89999389648438], [2106.5015869140625, 162.1999969482422], [2110.7063598632812, 158.39999389648438], [2115.6486206054688, 156.5], [2120.647216796875, 