{"restarts": [111], "full_trace": [[9.199999809265137, 223.0], [11.468000411987305, 223.0], [14.68652057647705, 223.0], [18.75100326538086, 223.0], [23.56839370727539, 223.0], [29.055870056152344, 223.0], [35.13972473144531, 223.0], [41.754356384277344, 223.0], [48.84137725830078, 223.0], [56.34882354736328, 223.0], [64.23045349121094, 223.0], [72.44510650634766, 223.0], [80.95614624023438, 223.0], [89.73097229003906, 223.0], [98.74056243896484, 223.0], [107.95909881591797, 223.0], [117.36359405517578, 223.0], [126.93359375, 223.0], [136.65089416503906, 223.0], [146.49929809570312, 223.0], [156.46437072753906, 223.0], [166.53329467773438, 223.0], [176.6946258544922, 209.6999969482422], [186.93821716308594, 196.39999389648438], [197.2550048828125, 185.0], [207.63694763183594, 175.5], [218.07687377929688, 167.89999389648438], [228.5684051513672, 162.1999969482422], [239.10586547851562, 160.35499572753906], [249.6842041015625, 161.7867431640625], [258.4989318847656, 166.00372314453125], [265.7440490722656, 172.58816528320312], [273.3921813964844, 181.1849365234375], [281.3990173339844, 191.4921875], [289.72509765625, 203.25335693359375], [298.3353271484375, 216.25035095214844], [307.19842529296875, 223.0], [316.2865905761719, 223.0], [325.5750427246094, 223.0], [335.0417785644531, 223.0], [344.66717529296875, 223.0], [354.43377685546875, 223.0], [364.3260498046875, 223.0], [374.3301696777344, 223.0], [384.433837890625, 223.0], [394.6260986328125, 223.0], [404.897216796875, 209.6999969482422], [415.2384948730469, 196.39999389648438], [425.6422424316406, 188.09500122070312], [436.1015930175781, 184.03575134277344], [446.61041259765625, 183.58538818359375], [457.1632385253906, 186.20257568359375], [467.7552795410156, 191.42718505859375], [478.3821716308594, 198.86810302734375], [489.04010009765625, 208.19288635253906], [499.7256774902344, 219.11895751953125], [510.4358215332031, 223.0], [521.1678466796875, 223.0], [531.9193725585938, 223.0], [542.688232421875, 223.0], [553.4725341796875, 223.0], [564.2705078125, 223.0], [575.0807495117188, 223.0], [585.90185546875, 223.0], [596.7326049804688, 223.0], [607.572021484375, 223.0], [618.4190673828125, 223.0], [629.27294921875, 223.0], [640.1328735351562, 223.0], [650.9982299804688, 223.0], [661.868408203125, 223.0], [672.7428588867188, 223.0], [683.62109375, 223.0], [694.5027465820312, 223.0], [705.3873901367188, 223.0], [716.2747192382812, 223.0], [727.1644897460938, 209.6999969482422], [738.0563354492188, 196.39999389648438], [748.9500732421875, 188.09500122070312], [759.8455200195312, 184.03575134277344], [770.7424926757812, 183.58538818359375], [781.6408081054688, 186.20257568359375], [792.540283203125, 191.42718505859375], [803.4407958984375, 198.86810302734375], [814.34228515625, 208.19288635253906], [825.2445678710938, 219.11895751953125], [836.1476440429688, 223.0], [847.0513916015625, 223.0], [857.9556884765625, 223.0], [868.8605346679688, 223.0], [879.765869140625, 223.0], [890.6715698242188, 223.0], [901.57763671875, 223.0], [912.4840698242188, 223.0], [923.3908081054688, 223.0], [934.2977905273438, 223.0], [945.2050170898438, 209.6999969482422], [956.1124267578125, 196.39999389648438], [967.02001953125, 188.09500122070312], [977.9277954101562, 184.03575134277344], [988.835693359375, 183.58538818359375], [999.7437133789062, 186.20257568359375], [1010.65185546875, 191.42718505859375], [1021.5601196289062, 198.86810302734375], [1032.4683837890625, 208.19288635253906], [1043.3768310546875, 219.11895751953125], [1054.2852783203125, 223.0], [1065.19384765625, 223.0], [1076.1024169921875, 223.0], [1087.0111083984375, 223.0], [1097.9197998046875, 223.0], [1108.82861328125, 223.0], [1119.7374267578125, 223.0], [1130.646240234375, 223.0], [1141.5550537109375, 209.6999969482422], [1152.4639892578125, 196.39999389648438], [1163.3729248046875, 188.09500122070312], [1174.2818603515625, 184.03575134277344], [1185.1907958984375, 183.58538818359375], [1196.0997314453125, 186.20257568359375], [1207.0086669921875, 191.42718505859375], [1217.9176025390625, 198.86810302734375], [1228.82666015625, 208.19288635253906], [1239.7357177734375, 219.11895751953125], [1250.644775390625, 223.0], [1261.5538330078125, 223.0], [1272.462890625, 223.0], [1283.3719482421875, 223.0], [1294.281005859375, 223.0], [1305.1900634765625, 223.0], [1316.09912109375, 209.6999969482422], [1327.0081787109375, 196.39999389648438], [1337.917236328125, 188.09500122070312], [1348.8262939453125, 188.0], [1359.7353515625, 191.0], [1370.6444091796875, 196.5500030517578], [1381.553466796875, 204.2675018310547], [1392.4625244140625, 213.82737731933594], [1403.37158203125, 223.0], [1414.2806396484375, 223.0], [1425.189697265625, 223.0], [1436.0987548828125, 223.0], [1447.0078125, 223.0], [1457.9168701171875, 223.0], [1468.825927734375, 223.0], [1479.7349853515625, 223.0], [1490.64404296875, 209.6999969482422], [1501.5531005859375, 196.39999389648438], [1512.462158203125, 185.0], [1523.3712158203125, 175.5], [1534.2802734375, 170.4250030517578], [1545.1893310546875, 169.1112518310547], [1556.098388671875, 170.99456787109375], [1567.0074462890625, 175.5953826904297], [1577.91650390625, 182.50607299804688], [1588.8255615234375, 191.38015747070312], [1599.734619140625, 201.92312622070312], [1610.6436767578125, 213.88465881347656], [1621.552734375, 223.0], [1632.4617919921875, 223.0], [1643.370849609375, 223.0], [1654.2799072265625, 223.0], [1665.18896484375, 209.6999969482422], [1676.0980224609375, 196.39999389648438], [1687.007080078125, 185.0], [1697.9161376953125, 175.5], [1708.8251953125, 167.89999389648438], [1719.7342529296875, 162.1999969482422], [1730.643310546875, 158.39999389648438], [1741.5523681640625, 156.5], [1752.46142578125, 157.88499450683594], [1763.3704833984375, 159.0], [1785.1999998092651, 223.0], [1787.4680004119873, 223.0], [1790.686520576477, 223.0], [1794.7510032653809, 223.0], [1799.5683937072754, 223.0], [1805.0558700561523, 223.0], [1811.1397247314453, 209.6999969482422], [1817.7543563842773, 196.39999389648438], [1824.8413772583008, 188.09500122070312], [1832.3488235473633, 184.03575134277344], [1840.230453491211, 183.58538818359375], [1848.4451065063477, 186.20257568359375], [1856.3561477661133, 191.42718505859375], [1863.996971130371, 198.86810302734375], [1871.9973068237305, 208.19288635253906], [1880.3176040649414, 219.11895751953125], [1888.9226684570312, 223.0], [1897.7811737060547, 223.0], [1906.865249633789, 209.6999969482422], [1916.1500701904297, 196.39999389648438], [1925.6135559082031, 188.09500122070312], [1935.236068725586, 184.03575134277344], [1945.0001068115234, 183.58538818359375], [1954.8900909423828, 186.20257568359375], [1964.8921813964844, 191.42718505859375], [1974.9940338134766, 198.86810302734375], [1982.784683227539, 208.19288635253906], [1988.5183715820312, 219.11895751953125], [1992.4213409423828, 223.0], [1994.6949920654297, 223.0], [1995.0, 209.6999969482422], [1995.6000061035156, 196.39999389648438], [1994.9340057373047, 185.0], [1993.1412658691406, 175.5], [1991.5457305908203, 167.89999389648438], [1990.1257019042969, 162.1999969482422], [1990.1257019042969, 158.39999389648438], [1991.325698852539, 156.5], [1993.5937042236328, 157.88499450683594], [1996.8122253417969, 159.0], [2000.2767028808594, 159.0], [2003.9600982666016, 159.0], [2008.4383087158203, 145.6999969482422], [2013.6239166259766, 132.39999389648438], [2019.4391174316406, 124.0949935913086], [2025.8146362304688, 120.0357437133789], [2032.6888427734375, 119.58538055419922], [2040.0068969726562, 122.20257568359375], [2047.719970703125, 127.42718505859375], [2055.7846069335938, 134.86810302734375], [2064.162139892578, 144.19288635253906], [2072.818145751953, 155.11895751953125], [2081.7219848632812, 167.40611267089844], [2090.846405029297, 180.85018920898438], [2100.1671447753906, 195.2776641845703], [2109.66259765625, 210.541015625], [2119.3135375976562, 223.0], [2129.1028747558594, 223.0], [2139.015380859375, 223.0], [2149.0375061035156,