{"restarts": [68, 182, 183], "full_trace": [[9.199999809265137, 223.0], [11.468000411987305, 223.0], [14.68652057647705, 223.0], [18.75100326538086, 223.0], [23.56839370727539, 223.0], [29.055870056152344, 223.0], [35.13972473144531, 223.0], [41.754356384277344, 223.0], [48.84137725830078, 223.0], [56.34882354736328, 223.0], [64.23045349121094, 223.0], [72.44510650634766, 223.0], [80.95614624023438, 223.0], [89.73097229003906, 223.0], [98.74056243896484, 223.0], [107.95909881591797, 223.0], [117.36359405517578, 223.0], [126.93359375, 223.0], [136.65089416503906, 223.0], [146.49929809570312, 223.0], [156.46437072753906, 223.0], [166.53329467773438, 223.0], [176.6946258544922, 209.6999969482422], [186.93821716308594, 196.39999389648438], [196.65501403808594, 188.09500122070312], [205.9029541015625, 184.03575134277344], [215.3336181640625, 183.58538818359375], [224.92691040039062, 185.0], [234.66494750976562, 169.8000030517578], [244.53179931640625, 156.5], [254.51329040527344, 145.10000610351562], [264.5968322753906, 135.60000610351562], [274.1711730957031, 130.52500915527344], [283.2923278808594, 129.2112579345703], [292.61016845703125, 131.09457397460938], [302.10302734375, 135.6953887939453], [311.7516784667969, 142.6060791015625], [321.5389709472656, 151.48016357421875], [331.4496765136719, 162.02313232421875], [341.47021484375, 173.9846649169922], [351.5884704589844, 187.15196228027344], [361.7937316894531, 211.0], [372.076416015625, 195.8000030517578], [382.4280090332031, 182.5], [392.8409118652344, 171.10000610351562], [403.30841064453125, 161.60000610351562], [413.824462890625, 156.52500915527344], [424.3837585449219, 155.2112579345703], [434.9815368652344, 157.09457397460938], [445.6135559082031, 159.0], [456.27606201171875, 162.9106903076172], [466.9656982421875, 169.2347869873047], [477.6794738769531, 177.61026000976562], [488.41473388671875, 187.7294158935547], [499.1690979003906, 199.33070373535156], [509.94049072265625, 217.0], [520.72705078125, 201.8000030517578], [531.5270385742188, 188.5], [541.7390747070312, 177.10000610351562], [551.4277954101562, 167.60000610351562], [561.250732421875, 160.0], [571.1931762695312, 154.3000030517578], [581.241943359375, 150.5], [591.3853149414062, 148.60000610351562], [601.6129150390625, 149.98500061035156], [611.9154663085938, 154.16224670410156], [620.4847412109375, 159.0], [627.5114135742188, 159.0], [632.5651245117188, 145.6999969482422], [635.8629760742188, 132.39999389648438], [639.998046875, 124.0949935913086], [644.8782348632812, 120.0357437133789], [650.421630859375, 119.58538055419922], [656.5552368164062, 122.20257568359375], [663.2141723632812, 127.42718505859375], [670.340576171875, 134.86810302734375], [677.8831176757812, 144.19288635253906], [685.7959594726562, 155.11895751953125], [694.0383911132812, 167.40611267089844], [702.5741577148438, 180.85018920898438], [711.3709716796875, 195.2776641845703], [720.400146484375, 210.541015625], [729.6361083984375, 223.0], [739.05615234375, 223.0], [748.6399536132812, 223.0], [758.3695678710938, 223.0], [768.2288818359375, 223.0], [778.2036743164062, 223.0], [788.28125, 223.0], [798.4503173828125, 223.0], [808.7007446289062, 223.0], [819.0236206054688, 223.0], [829.4110107421875, 209.6999969482422], [839.8557739257812, 196.39999389648438], [850.3516235351562, 185.0], [860.8929443359375, 175.5], [871.4747314453125, 167.89999389648438], [882.0924682617188, 162.1999969482422], [892.7422485351562, 160.35499572753906], [903.4205932617188, 161.7867431640625], [914.1243286132812, 166.00372314453125], [924.8506469726562, 172.58816528320312], [935.5970458984375, 181.1849365234375], [946.361328125, 191.4921875], [957.1415405273438, 203.25335693359375], [967.9359741210938, 217.0], [978.7429809570312, 201.8000030517578], [989.5612182617188, 188.5], [1000.3894653320312, 177.10000610351562], [1011.2266235351562, 167.60000610351562], [1022.0716552734375, 160.0], [1032.9237060546875, 154.3000030517578], [1043.18212890625, 152.4550018310547], [1052.912109375, 153.88674926757812], [1062.771728515625, 158.10372924804688], [1072.746826171875, 159.0], [1081.6246337890625, 159.0], [1097.1999998092651, 159.0], [1099.4680004119873, 159.0], [1102.686520576477, 159.0], [1106.7510032653809, 159.0], [1111.5683937072754, 160.56602478027344], [1117.0558700561523, 164.8971405029297], [1123.1397247314453, 171.57858276367188], [1129.7543563842773, 180.2578125], [1136.8413772583008, 190.63516235351562], [1144.3488235473633, 202.45590209960938], [1152.230453491211, 215.5035400390625], [1160.4451065063477, 223.0], [1168.9561462402344, 223.0], [1177.730972290039, 223.0], [1186.7405624389648, 223.0], [1195.959098815918, 223.0], [1205.3635940551758, 223.0], [1214.93359375, 223.0], [1224.650894165039, 223.0], [1234.4992980957031, 223.0], [1244.464370727539, 209.6999969482422], [1254.5332946777344, 196.39999389648438], [1264.6946258544922, 188.09500122070312], [1274.938217163086, 188.0], [1285.2550048828125, 191.0], [1295.636947631836, 196.5500030517578], [1306.0768737792969, 204.2675018310547], [1316.5684051513672, 213.82737731933594], [1327.1058654785156, 223.0], [1337.6842041015625, 223.0], [1348.2989196777344, 223.0], [1358.9460144042969, 223.0], [1369.6219482421875, 209.6999969482422], [1380.3235168457031, 196.39999389648438], [1391.0479125976562, 188.09500122070312], [1401.7926330566406, 184.03575134277344], [1412.555419921875, 183.58538818359375], [1423.3343200683594, 186.20257568359375], [1434.1275329589844, 191.42718505859375], [1444.9335021972656, 198.86810302734375], [1455.7507934570312, 208.19288635253906], [1466.5781860351562, 219.11895751953125], [1477.4145812988281, 223.0], [1488.2589721679688, 223.0], [1499.1104736328125, 223.0], [1509.9683227539062, 223.0], [1518.4317932128906, 223.0], [1524.7642822265625, 223.0], [1529.2001953125, 209.6999969482422], [1531.9481506347656, 196.39999389648438], [1531.0, 185.0], [1529.7999877929688, 175.5], [1528.7319946289062, 167.89999389648438], [1527.7814636230469, 162.1999969482422], [1527.7814636230469, 158.39999389648438], [1528.9814758300781, 156.5], [1530.6494750976562, 157.88499450683594], [1532.7340087890625, 159.0], [1535.7892456054688, 159.0], [1539.7084045410156, 159.0], [1544.3964538574219, 145.6999969482422], [1549.768798828125, 132.39999389648438], [1555.7501831054688, 124.0949935913086], [1562.2736206054688, 120.0357437133789], [1569.2794799804688, 119.58538055419922], [1576.7146911621094, 122.20257568359375], [1584.5320434570312, 127.42718505859375], [1592.6894836425781, 134.86810302734375], [1601.1495971679688, 144.19288635253906], [1609.8790893554688, 155.11895751953125], [1618.8483276367188, 167.40611267089844], [1628.0309448242188, 180.85018920898438], [1637.4035034179688, 195.2776641845703], [1646.945068359375, 210.541015625], [1656.6370849609375, 223.0], [1666.4629516601562, 223.0], [1676.407958984375, 209.6999969482422], [1686.4590454101562, 196.39999389648438], [1696.6044921875, 185.0], [1706.8339233398438, 175.5], [1717.1381225585938, 170.4250030517578], [1727.5088500976562, 169.1112518310547], [1737.9388427734375, 170.99456787109375], [1748.4215087890625, 175.5953826904297], [1757.1510620117188, 182.50607299804688], [1764.3203735351562, 191.38015747070312], [1771.9010620117188, 201.92312622070312], [1779.847900390625, 217.0], [1787.5205688476562, 201.8000030517578], [1794.94921875, 188.5], [1800.9607543945312, 177.10000610351562], [1805.7109985351562, 167.60000610351562], [1811.1387329101562, 160.0], [1817.16943359375, 154.3000030517578], [1823.7367553710938, 152.4550018310547], [1830.7816772460938, 153.0], [1838.2516479492188, 137.8000030517578], [1846.0999145507812, 124.5], [1854.2848510742188, 113.0999984741211], [1862.7694702148438, 103.5999984741211], [1871.520751953125, 96.0], [1880.5093994140625, 90.30000305175781], [1889.7092895507812, 88.45500183105469], [1899.0972290039062, 89.88674926757812], [1908.6524658203125, 94.1037368774414], [1918.3566284179688, 95.0], [1928.193359375, 95.0], 