{"restarts": [79], "full_trace": [[9.199999809265137, 223.0], [11.468000411987305, 223.0], [14.68652057647705, 223.0], [18.75100326538086, 223.0], [23.56839370727539, 223.0], [29.055870056152344, 223.0], [35.13972473144531, 223.0], [41.754356384277344, 223.0], [48.84137725830078, 223.0], [56.34882354736328, 223.0], [64.23045349121094, 223.0], [72.44510650634766, 223.0], [80.95614624023438, 223.0], [89.73097229003906, 223.0], [98.74056243896484, 223.0], [107.95909881591797, 223.0], [117.36359405517578, 223.0], [126.93359375, 223.0], [136.65089416503906, 223.0], [146.49929809570312, 223.0], [156.46437072753906, 223.0], [166.53329467773438, 223.0], [176.6946258544922, 209.6999969482422], [186.93821716308594, 196.39999389648438], [197.2550048828125, 188.09500122070312], [207.63694763183594, 184.03575134277344], [218.07687377929688, 183.58538818359375], [228.5684051513672, 186.20257568359375], [239.10586547851562, 191.42718505859375], [249.6842041015625, 198.86810302734375], [260.2989196777344, 207.0], [270.9460144042969, 207.0], [281.6219482421875, 193.6999969482422], [292.3235168457031, 180.39999389648438], [303.04791259765625, 169.0], [313.7926330566406, 159.5], [324.555419921875, 154.4250030517578], [335.3343200683594, 153.1112518310547], [346.1275329589844, 154.99456787109375], [356.9335021972656, 159.0], [367.75079345703125, 159.0], [378.57818603515625, 159.0], [389.4145812988281, 159.0], [400.25897216796875, 159.0], [411.1104736328125, 159.0], [421.96832275390625, 159.0], [432.831787109375, 145.6999969482422], [443.7002868652344, 132.39999389648438], [454.5732421875, 124.0949935913086], [465.4501647949219, 120.0357437133789], [476.33062744140625, 119.58538055419922], [487.2142333984375, 122.20257568359375], [498.10064697265625, 127.42718505859375], [508.98956298828125, 134.86810302734375], [519.8806762695312, 143.0], [530.7738037109375, 143.0], [541.6686401367188, 143.0], [552.5650634765625, 143.0], [563.462890625, 129.6999969482422], [574.3619384765625, 116.39999389648438], [585.2620849609375, 108.0949935913086], [596.1632080078125, 104.0357437133789], [607.0652465820312, 103.58538055419922], [617.968017578125, 106.20257568359375], [628.8715209960938, 111.42718505859375], [639.775634765625, 118.86810302734375], [650.6802978515625, 128.19288635253906], [661.58544921875, 139.11895751953125], [672.4910278320312, 151.40611267089844], [683.39697265625, 164.85018920898438], [694.3032836914062, 179.2776641845703], [705.2098999023438, 194.541015625], [716.1167602539062, 210.51486206054688], [727.0238647460938, 223.0], [737.9312133789062, 223.0], [748.8387451171875, 223.0], [759.7464599609375, 209.6999969482422], [770.654296875, 196.39999389648438], [781.5623168945312, 188.09500122070312], [792.470458984375, 184.03575134277344], [803.378662109375, 183.58538818359375], [814.2869873046875, 186.20257568359375], [825.1953735351562, 191.42718505859375], [836.1038208007812, 198.86810302734375], [847.0123901367188, 208.19288635253906], [857.9210205078125, 219.11895751953125], [868.8296508789062, 223.0], [879.7383422851562, 223.0], [890.6470947265625, 223.0], [901.555908203125, 223.0], [912.4647216796875, 223.0], [923.3735961914062, 223.0], [934.282470703125, 223.0], [945.1913452148438, 223.0], [956.1002807617188, 223.0], [967.0092163085938, 223.0], [977.9181518554688, 223.0], [988.8271484375, 223.0], [999.7361450195312, 223.0], [1010.6451416015625, 223.0], [1021.5541381835938, 223.0], [1032.4632568359375, 223.0], [1043.372314453125, 209.6999969482422], [1054.2813720703125, 196.39999389648438], [1065.1904296875, 185.0], [1076.0994873046875, 175.5], [1087.008544921875, 167.89999389648438], [1097.9176025390625, 162.1999969482422], [1108.82666015625, 158.39999389648438], [1119.7357177734375, 156.5], [1130.644775390625, 157.88499450683594], [1141.5538330078125, 162.06224060058594], [1152.462890625, 168.61289978027344], [1163.3719482421875, 177.18096923828125], [1174.281005859375, 187.4638214111328], [1185.1900634765625, 199.20425415039062], [1196.09912109375, 212.18362426757812], [1207.0081787109375, 226.21607971191406], [1217.917236328125, 241.1436767578125], [1228.8262939453125, 256.8321228027344], [1239.7353515625, 273.16729736328125], [1250.6444091796875, 290.0522155761719], [1250.6444091796875, 290.0522155761719], [1273.1999998092651, 2.0], [1275.4680004119873, 7.550000190734863], [1278.686520576477, 15.267499923706055], [1282.7510032653809, 24.827375411987305], [1285.7683925628662, 35.953269958496094], [1287.853868484497, 48.4102783203125], [1290.9099426269531, 61.99873733520508], [1294.829849243164, 76.5489273071289], [1299.5185661315918, 91.91658782958984], [1304.8915252685547, 107.9791030883789], [1310.8734588623047, 124.63224029541016], [1317.3973770141602, 141.7873992919922], [1324.403663635254, 143.0], [1331.839256286621, 143.0], [1339.6569366455078, 129.6999969482422], [1347.8146743774414, 116.39999389648438], [1356.2750549316406, 108.0949935913086], [1365.0047988891602, 104.0357437133789], [1373.974266052246, 103.58538055419922], [1383.157096862793, 106.20257568359375], [1392.5298156738281, 111.42718505859375], [1402.071533203125, 118.86810302734375], [1411.763656616211, 128.19288635253906], [1421.5896453857422, 139.11895751953125], [1430.9347839355469, 151.40611267089844], [1439.8519592285156, 159.0], [1448.9882354736328, 159.0], [1458.3195190429688, 159.0], [1467.8243713378906, 167.25634765625], [1477.4836883544922, 177.2742462158203], [1487.2804718017578, 188.78945922851562], [1497.1996154785156, 191.0], [1507.2276458740234, 191.0], [1517.3526000976562, 191.0], [1527.5638122558594, 191.0], [1537.8517761230469, 191.0], [1547.6080627441406, 177.6999969482422], [1556.8911743164062, 164.39999389648438], [1564.5531311035156, 153.0], [1570.7722778320312, 143.5], [1576.9073181152344, 135.89999389648438], [1582.9674987792969, 130.1999969482422], [1588.9610595703125, 126.39999389648438], [1594.8953247070312, 115.0], [1601.3768310546875, 99.80000305175781], [1608.3453674316406, 89.8800048828125], [1615.7473754882812, 84.44800567626953], [1623.53515625, 82.83080291748047], [1631.6662902832031, 84.45618438720703], [1640.1029968261719, 88.83775329589844], [1648.8116455078125, 95.56208801269531], [1657.7623596191406, 104.27777099609375], [1666.9284973144531, 114.68610382080078], [1676.2863464355469, 126.53318786621094], [1685.8148498535156, 127.0], [1695.4952087402344, 127.0], [1705.3107299804688, 127.0], [1715.2465515136719, 127.0], [1725.2894287109375, 144.04197692871094], [1735.4275817871094, 128.84197998046875], [1745.6505432128906, 118.92198181152344], [1755.948974609375, 113.48998260498047], [1766.3145751953125, 111.8727798461914], [1776.739990234375, 113.49816131591797], [1785.4185791015625, 117.87973022460938], [1792.5425415039062, 124.60406494140625], [1800.0828857421875, 133.3197479248047], [1807.9937744140625, 143.72808837890625], [1816.2344360351562, 155.57516479492188], [1824.7686157226562, 159.0], [1833.5640869140625, 159.0], [1842.592041015625, 159.0], [1851.826904296875, 145.6999969482422], [1861.2459106445312, 132.39999389648438], [1870.828857421875, 124.0949935913086], [1880.5576782226562, 120.0357437133789], [1890.4163208007812, 119.58538055419922], [1900.3905029296875, 122.20257568359375], [1910.467529296875, 127.42718505859375], [1920.6361083984375, 134.86810302734375], [1930.8861083984375, 144.19288635253906], [1941.2086181640625, 155.11895751953125], [1951.5956420898438, 167.40611267089844], [1962.0401000976562, 180.85018920898438], [1972.53564453125, 195.2776641845703], [1983.0767211914062, 210.541015625], [1993.6582641601562, 223.0], [2004.2758178710938, 223.0], [2014.9254760742188, 223.0], [2025.6036376953125, 223.0], [2036.3071899414062, 209.6999969482422], [2047.0333862304688, 196.39999389648438], [2057.7796630859375, 185.0], [2068.5438842773438, 175.5], [2078.7240600585938, 167.89999389648438], [2088.3843994140625, 162.1999969482422], [2097.5820922851562, 158.39999389648438], [2106.3680419921875, 156.5], [2115.3875122070312, 