{"restarts": [62, 135], "full_trace": [[9.199999809265137, 223.0], [11.468000411987305, 223.0], [14.68652057647705, 223.0], [18.75100326538086, 223.0], [23.56839370727539, 223.0], [29.055870056152344, 223.0], [35.13972473144531, 223.0], [41.754356384277344, 223.0], [48.84137725830078, 223.0], [56.34882354736328, 223.0], [64.23045349121094, 223.0], [72.44510650634766, 223.0], [80.95614624023438, 223.0], [89.73097229003906, 223.0], [98.74056243896484, 223.0], [107.95909881591797, 223.0], [117.36359405517578, 223.0], [126.93359375, 223.0], [136.65089416503906, 223.0], [146.49929809570312, 223.0], [156.46437072753906, 223.0], [166.53329467773438, 223.0], [176.6946258544922, 209.6999969482422], [186.93821716308594, 196.39999389648438], [197.2550048828125, 185.0], [207.63694763183594, 175.5], [218.07687377929688, 170.4250030517578], [228.5684051513672, 169.1112518310547], [238.50587463378906, 170.99456787109375], [247.95022583007812, 175.0], [256.9556884765625, 175.0], [265.570556640625, 175.0], [274.4377746582031, 161.6999969482422], [283.52960205078125, 148.39999389648438], [292.2213439941406, 140.09500122070312], [300.5569763183594, 136.03575134277344], [309.1756896972656, 135.58538818359375], [318.0463562011719, 143.0], [327.1412353515625, 145.224609375], [336.4356994628906, 150.1155242919922], [345.90777587890625, 157.27281188964844], [355.53790283203125, 166.35650634765625], [365.3087158203125, 177.07763671875], [375.2047424316406, 189.1905975341797], [385.21221923828125, 202.4866180419922], [395.3188781738281, 216.78823852539062], [405.5137939453125, 223.0], [415.7872619628906, 223.0], [426.1306457519531, 223.0], [436.5362548828125, 223.0], [446.99725341796875, 209.6999969482422], [457.5075378417969, 196.39999389648438], [468.06170654296875, 188.09500122070312], [478.6549072265625, 184.03575134277344], [489.2828674316406, 183.58538818359375], [499.9417419433594, 186.20257568359375], [510.6281433105469, 191.42718505859375], [521.3390502929688, 198.86810302734375], [532.0717163085938, 207.0], [542.8237915039062, 207.0], [553.5931396484375, 207.0], [564.3778686523438, 207.0], [575.17626953125, 207.0], [585.9868774414062, 207.0], [596.8082885742188, 207.0], [607.6393432617188, 207.0], [618.47900390625, 193.6999969482422], [629.3262939453125, 180.39999389648438], [640.1803588867188, 172.09500122070312], [651.0404663085938, 168.03575134277344], [661.906005859375, 167.58538818359375], [672.7763061523438, 175.0], [683.65087890625, 177.224609375], [694.5292358398438, 182.1155242919922], [705.4110107421875, 189.27281188964844], [716.2957763671875, 191.0], [727.1832275390625, 191.0], [738.0730590820312, 191.0], [748.9649658203125, 177.6999969482422], [759.8587646484375, 164.39999389648438], [770.7542724609375, 153.0], [781.6512451171875, 143.5], [792.549560546875, 135.89999389648438], [803.4490966796875, 130.1999969482422], [814.3496704101562, 126.39999389648438], [825.2511596679688, 124.49999237060547], [836.1535034179688, 125.88499450683594], [847.0565795898438, 130.06224060058594], [857.9603271484375, 136.61289978027344], [868.8646850585938, 145.18096923828125], [879.76953125, 155.4638214111328], [890.6748657226562, 167.20425415039062], [901.5806274414062, 180.18362426757812], [912.4867553710938, 194.21607971191406], [923.3931884765625, 209.1436767578125], [934.2999267578125, 224.83212280273438], [945.2069091796875, 241.1673126220703], [956.1141357421875, 258.0522155761719], [967.0215454101562, 275.4043884277344], [977.9291381835938, 293.15374755859375], [977.9291381835938, 293.15374755859375], [1001.1999998092651, 223.0], [1003.4680004119873, 223.0], [1006.686520576477, 223.0], [1010.7510032653809, 223.0], [1015.5683937072754, 223.0], [1021.0558700561523, 223.0], [1027.1397247314453, 223.0], [1033.7543563842773, 223.0], [1040.8413772583008, 209.6999969482422], [1048.3488235473633, 196.39999389648438], [1056.230453491211, 188.09500122070312], [1064.4451065063477, 184.03575134277344], [1072.9561462402344, 183.58538818359375], [1081.730972290039, 186.20257568359375], [1090.7405624389648, 191.42718505859375], [1099.959098815918, 198.86810302734375], [1109.3635940551758, 208.19288635253906], [1118.93359375, 219.11895751953125], [1128.650894165039, 223.0], [1138.4992980957031, 223.0], [1148.464370727539, 223.0], [1158.5332946777344, 223.0], [1168.6946258544922, 223.0], [1178.938217163086, 223.0], [1189.2550048828125, 223.0], [1199.636947631836, 223.0], [1210.0768737792969, 209.6999969482422], [1220.5684051513672, 196.39999389648438], [1231.1058654785156, 188.09500122070312], [1241.6842041015625, 184.03575134277344], [1252.2989196777344, 183.58538818359375], [1262.9460144042969, 186.20257568359375], [1273.6219482421875, 191.0], [1284.3235168457031, 191.0], [1295.0479125976562, 177.6999969482422], [1305.7926330566406, 164.39999389648438], [1315.3554382324219, 153.0], [1323.8663330078125, 143.5], [1332.6410217285156, 138.4250030517578], [1341.6505126953125, 137.1112518310547], [1350.8689575195312, 138.99456787109375], [1360.2733764648438, 143.0], [1369.8432922363281, 143.0], [1379.5605163574219, 143.0], [1389.4088439941406, 129.6999969482422], [1399.3738708496094, 116.39999389648438], [1409.4427490234375, 104.99999237060547], [1419.6040344238281, 95.49999237060547], [1429.8475952148438, 90.42499542236328], [1440.1643371582031, 89.11124420166016], [1450.5462646484375, 90.99456024169922], [1460.9861755371094, 95.0], [1471.4776916503906, 95.0], [1482.01513671875, 95.0], [1492.5934753417969, 81.69999694824219], [1503.2081909179688, 68.39999389648438], [1513.8552856445312, 60.094993591308594], [1524.5311889648438, 56.035743713378906], [1535.2327270507812, 55.58538055419922], [1545.9570922851562, 58.202571868896484], [1556.7017822265625, 63.42718505859375], [1567.464599609375, 70.86810302734375], [1578.2434692382812, 80.19288635253906], [1589.0366821289062, 91.11894989013672], [1599.8426513671875, 95.0], [1610.6599731445312, 95.0], [1621.4873657226562, 95.0], [1632.32373046875, 95.0], [1643.1680908203125, 95.0], [1654.0195922851562, 100.45187377929688], [1664.87744140625, 108.08596801757812], [1675.7409057617188, 117.574951171875], [1686.609375, 127.0], [1697.4822998046875, 127.0], [1708.3592529296875, 113.69999694824219], [1719.23974609375, 100.39999389648438], [1730.1233520507812, 88.99999237060547], [1741.009765625, 79.49999237060547], [1751.898681640625, 74.42499542236328], [1762.789794921875, 73.11124420166016], [1773.6829223632812, 74.99456024169922], [1784.5777587890625, 79.59537506103516], [1795.4741821289062, 86.50606536865234], [1806.3720092773438, 95.38015747070312], [1817.2710571289062, 105.92313385009766], [1828.1712036132812, 117.8846664428711], [1839.0723266601562, 131.05197143554688], [1849.974365234375, 145.24417114257812], [1860.8771362304688, 160.3075408935547], [1871.7806396484375, 163.0], [1882.6847534179688, 147.8000030517578], [1893.5894165039062, 137.8800048828125], [1904.4945678710938, 132.447998046875], [1915.400146484375, 130.83079528808594], [1926.3060913085938, 132.4561767578125], [1937.21240234375, 136.83775329589844], [1948.1190185546875, 143.5620880126953], [1959.02587890625, 152.27777099609375], [1969.9329833984375, 162.6861114501953], [1980.84033203125, 174.533203125], [1991.7478637695312, 175.0], [2002.6555786132812, 175.0], [2013.5634155273438, 161.6999969482422], [2024.471435546875, 156.0], [2035.3795166015625, 159.0], [2046.2877197265625, 164.5500030517578], [2057.196044921875, 172.2675018310547], [2068.1044921875, 181.82737731933594], [2079.012939453125, 192.95327758789062], [2089.9215087890625, 205.41029357910156], [2100.830078125, 218.99874877929688], [2111.73876953125, 233.54893493652344], [2122.6474609375, 248.91659545898438], [2133.55615234375, 264.9790954589844], [2144.4649658203125, 281.6322326660156], [2155.373779296875, 298.78741455078125], [2155.373779296875, 298.78741455078125], [2169.199999809265, 143.0], [2171.4680004119873, 143.0], [2174.686520576477, 143.0], [2178.751003265381, 143.0], [2183.5683937072754, 143.0], 