{"restarts": [144], "full_trace": [[9.199999809265137, 223.0], [11.468000411987305, 223.0], [14.68652057647705, 223.0], [18.75100326538086, 223.0], [23.56839370727539, 223.0], [29.055870056152344, 223.0], [35.13972473144531, 223.0], [41.754356384277344, 223.0], [48.84137725830078, 223.0], [56.34882354736328, 223.0], [64.23045349121094, 223.0], [72.44510650634766, 223.0], [80.95614624023438, 223.0], [89.73097229003906, 223.0], [98.74056243896484, 223.0], [107.95909881591797, 223.0], [117.36359405517578, 223.0], [126.93359375, 223.0], [136.65089416503906, 223.0], [146.49929809570312, 223.0], [156.46437072753906, 223.0], [166.53329467773438, 223.0], [176.6946258544922, 209.6999969482422], [186.93821716308594, 196.39999389648438], [197.2550048828125, 185.0], [207.63694763183594, 175.5], [218.07687377929688, 170.4250030517578], [228.5684051513672, 169.1112518310547], [239.10586547851562, 170.99456787109375], [249.6842041015625, 175.5953826904297], [260.2989196777344, 182.50607299804688], [270.9460144042969, 191.38015747070312], [281.6219482421875, 201.92312622070312], [292.3235168457031, 213.88465881347656], [303.04791259765625, 223.0], [313.7926330566406, 223.0], [324.555419921875, 223.0], [335.3343200683594, 223.0], [346.1275329589844, 223.0], [356.9335021972656, 223.0], [367.75079345703125, 209.6999969482422], [378.57818603515625, 196.39999389648438], [389.4145812988281, 185.0], [400.25897216796875, 175.5], [411.1104736328125, 170.4250030517578], [421.96832275390625, 169.1112518310547], [432.831787109375, 175.0], [443.7002868652344, 176.60081481933594], [454.5732421875, 180.9615020751953], [465.4501647949219, 187.6680908203125], [476.33062744140625, 196.3686981201172], [487.2142333984375, 206.7642059326172], [498.10064697265625, 218.6003875732422], [508.98956298828125, 223.0], [519.8806762695312, 223.0], [530.7738037109375, 223.0], [541.6686401367188, 223.0], [552.5650634765625, 223.0], [563.462890625, 223.0], [574.3619384765625, 223.0], [585.2620849609375, 209.6999969482422], [596.1632080078125, 196.39999389648438], [607.0652465820312, 185.0], [617.968017578125, 175.5], [628.8715209960938, 167.89999389648438], [639.775634765625, 162.1999969482422], [650.6802978515625, 160.35499572753906], [661.58544921875, 161.7867431640625], [672.4910278320312, 166.00372314453125], [683.39697265625, 172.58816528320312], [694.3032836914062, 181.1849365234375], [705.2098999023438, 191.0], [716.1167602539062, 191.0], [727.0238647460938, 191.0], [737.9312133789062, 191.0], [748.8387451171875, 191.0], [759.7464599609375, 191.0], [770.654296875, 191.0], [781.5623168945312, 177.6999969482422], [792.470458984375, 164.39999389648438], [803.378662109375, 153.0], [814.2869873046875, 143.5], [825.1953735351562, 140.0], [836.1038208007812, 143.0], [847.0123901367188, 148.5500030517578], [857.9210205078125, 156.2675018310547], [868.8296508789062, 165.82737731933594], [879.7383422851562, 175.0], [890.6470947265625, 175.0], [901.555908203125, 175.0], [912.4647216796875, 175.0], [923.3735961914062, 175.0], [934.282470703125, 161.6999969482422], [945.1913452148438, 148.39999389648438], [956.1002807617188, 140.09500122070312], [967.0092163085938, 136.03575134277344], [977.9181518554688, 135.58538818359375], [988.8271484375, 138.20257568359375], [999.7361450195312, 143.42718505859375], [1010.6451416015625, 150.86810302734375], [1021.5541381835938, 159.0], [1032.4632568359375, 159.0], [1043.372314453125, 159.0], [1054.2813720703125, 159.0], [1065.1904296875, 145.6999969482422], [1076.0994873046875, 132.39999389648438], [1087.008544921875, 124.0], [1097.9176025390625, 127.0], [1108.82666015625, 132.5500030517578], [1119.7357177734375, 140.2675018310547], [1128.8447265625, 149.82737731933594], [1136.351806640625, 159.0], [1144.233154296875, 159.0], [1152.447509765625, 159.0], [1160.958251953125, 145.6999969482422], [1169.7327880859375, 132.39999389648438], [1178.7421875, 124.0949935913086], [1187.9605712890625, 124.0], [1197.3648681640625, 127.0], [1206.9346923828125, 132.5500030517578], [1216.65185546875, 140.2675018310547], [1226.5001220703125, 149.82737731933594], [1236.465087890625, 159.0], [1246.533935546875, 159.0], [1256.6951904296875, 159.0], [1266.938720703125, 159.0], [1277.2554931640625, 164.8077850341797], [1287.6373291015625, 172.74440002441406], [1298.0771484375, 175.0], [1308.568603515625, 175.0], [1319.1060791015625, 175.0], [1329.6844482421875, 175.0], [1340.2991943359375, 175.0], [1350.9462890625, 175.0], [1361.6221923828125, 175.0], [1372.32373046875, 175.0], [1383.048095703125, 177.65573120117188], [1393.7928466796875, 182.91310119628906], [1404.5556640625, 190.38186645507812], [1415.3345947265625, 199.73031616210938], [1426.1278076171875, 210.67649841308594], [1436.9337158203125, 222.9807586669922], [1447.7509765625, 223.0], [1458.578369140625, 223.0], [1469.414794921875, 223.0], [1480.2591552734375, 223.0], [1491.110595703125, 223.0], [1501.9683837890625, 223.0], [1512.8319091796875, 223.0], [1523.700439453125, 223.0], [1534.5733642578125, 223.0], [1545.4503173828125, 223.0], [1556.330810546875, 209.6999969482422], [1567.2144775390625, 196.39999389648438], [1578.1009521484375, 185.0], [1588.9898681640625, 175.5], [1599.8809814453125, 167.89999389648438], [1610.7740478515625, 162.1999969482422], [1621.6689453125, 158.39999389648438], [1632.5654296875, 156.5], [1643.4632568359375, 157.88499450683594], [1654.3623046875, 159.0], [1665.262451171875, 159.0], [1676.16357421875, 159.0], [1687.0655517578125, 159.0], [1697.9683837890625, 159.0], [1708.871826171875, 159.0], [1719.77587890625, 159.0], [1730.6805419921875, 145.6999969482422], [1741.585693359375, 132.39999389648438], [1752.4912109375, 120.99999237060547], [1763.397216796875, 111.49999237060547], [1774.303466796875, 106.42499542236328], [1785.2100830078125, 105.11124420166016], [1796.116943359375, 106.99456024169922], [1807.0240478515625, 111.0], [1817.931396484375, 111.0], [1828.8389892578125, 111.0], [1839.7467041015625, 111.0], [1850.654541015625, 111.0], [1861.5625, 97.69999694824219], [1872.4705810546875, 84.39999389648438], [1883.3787841796875, 76.0949935913086], [1894.287109375, 72.0357437133789], [1905.195556640625, 71.58538055419922], [1916.10400390625, 74.20257568359375], [1927.0125732421875, 79.42718505859375], [1937.921142578125, 86.86810302734375], [1948.829833984375, 96.19288635253906], [1959.738525390625, 107.11894989013672], [1970.647216796875, 111.0], [1981.5560302734375, 111.0], [1992.46484375, 119.87747192382812], [2003.3736572265625, 130.42332458496094], [2014.282470703125, 142.38729858398438], [2025.19140625, 155.55667114257812], [2036.100341796875, 169.75064086914062], [2047.00927734375, 184.81552124023438], [2057.918212890625, 200.62066650390625], [2068.8271484375, 217.05503845214844], [2079.736083984375, 223.0], [2090.64501953125, 223.0], [2101.553955078125, 209.6999969482422], [2112.462890625, 196.39999389648438], [2123.371826171875, 185.0], [2134.28076171875, 175.5], [2145.189697265625, 167.89999389648438], [2156.0986328125, 162.1999969482422], [2167.007568359375, 160.35499572753906], [2177.91650390625, 161.7867431640625], [2188.825439453125, 166.00372314453125], [2199.734619140625, 172.58816528320312], [2210.643798828125, 181.1849365234375], [2221.552978515625, 191.4921875], [2232.462158203125, 203.25335693359375], [2243.371337890625, 216.25035095214844], [2254.280517578125, 230.29779052734375], [2265.189697265625, 245.2381134033203], [2276.098876953125, 260.9373779296875], [2287.008056640625, 277.2817687988281], [2296.717041015625, 294.17449951171875], [2296.717041015625, 294.17449951171875], [2313.199999809265, 111.0], [2315.4680004119873, 111.0], [2318.686520576477, 111.0], [2322.751003265381, 111.0], [2327.5683937072754, 111.0], [2333.0558700561523, 111.0], [2339.1397247314453, 111.0], [2345.7543563842773, 111.0], [2352.841377258301, 97.69999694824219], [2360.3488235473633, 84.39999389648438], [2368.230453491211, 76.0949935913086], [2376.4451065063477, 72.0357437133789], 